﻿pos_x,pos_y,rotation,side,designator,mpn,pack,value,mount_type,place
123.96,-64.235,0.0,top,D1,,LED_D5.0mm,LED,tht,True
147.5,-64.235,180.0,top,D2,,LED_D5.0mm,LED,tht,True
116.0,-66.775,90.0,top,J1,,TerminalBlock_bornier-2_P5.08mm,Screw_Terminal_01x02,tht,True
156.0,-59.155,-90.0,top,J2,,TerminalBlock_bornier-3_P5.08mm,Screw_Terminal_01x03,tht,True
149.0,-51.5,180.0,top,Rc1,,R_Axial_DIN0204_L3.6mm_D1.6mm_P5.08mm_Horizontal,1K,tht,True
143.92,-54.0,0.0,top,Rc2,,R_Axial_DIN0204_L3.6mm_D1.6mm_P5.08mm_Horizontal,1K,tht,True
149.0,-56.5,180.0,top,Rc3,,R_Axial_DIN0204_L3.6mm_D1.6mm_P5.08mm_Horizontal,1K,tht,True
143.92,-59.0,0.0,top,Rc4,,R_Axial_DIN0204_L3.6mm_D1.6mm_P5.08mm_Horizontal,1K,tht,True
122.92,-74.5,0.0,top,Rin1,,R_Axial_DIN0204_L3.6mm_D1.6mm_P5.08mm_Horizontal,2.2K,tht,True
122.92,-71.5,0.0,top,Rin2,,R_Axial_DIN0204_L3.6mm_D1.6mm_P5.08mm_Horizontal,2.2K,tht,True
132.2,-62.96,0.0,top,U1-EL817,,DIP-4_W7.62mm,EL817,tht,True
